ID	Avg_fold	Length	Ref_GC	Covered_percent	Covered_bases	Plus_reads	Minus_reads	Read_GC
contig-100_0	5.6482	106400	0.5326	99.3656	105725	1995	1985	0.5263
contig-100_1	7.3198	100255	0.5496	99.6010	99855	2428	2432	0.5437
contig-100_2	5.6605	74693	0.5367	99.3815	74231	1403	1397	0.5300
contig-100_3	7.3213	70965	0.5581	99.7069	70757	1720	1721	0.5514
contig-100_4	7.0258	66302	0.4343	99.3062	65842	1543	1542	0.4195
contig-100_5	4.8593	59163	0.5557	97.7841	57852	950	954	0.5482
contig-100_6	5.3879	56359	0.5382	98.8201	55694	1003	1008	0.5271
contig-100_7	7.0523	56157	0.5521	99.8771	56088	1311	1312	0.5474
contig-100_8	7.2345	54453	0.5787	99.6731	54275	1308	1301	0.5736
contig-100_9	7.3330	54299	0.5578	99.8803	54234	1322	1315	0.5521
contig-100_10	7.4693	53832	0.5591	99.8811	53768	1324	1339	0.5552
contig-100_11	6.7831	52777	0.5633	99.5036	52515	1189	1182	0.5599
contig-100_12	5.3341	52540	0.5279	99.2615	52152	928	928	0.5195
contig-100_13	5.6418	51977	0.5360	99.1939	51558	968	974	0.5271
contig-100_14	7.5641	51102	0.5594	99.4677	50830	1282	1278	0.5520
contig-100_15	5.3756	51067	0.5537	96.9393	49504	910	908	0.5421
contig-100_16	7.4458	48908	0.5617	99.7117	48767	1214	1198	0.5536
contig-100_17	7.0709	48683	0.5500	99.7782	48575	1136	1144	0.5449
contig-100_18	7.6190	46948	0.5521	99.7529	46832	1179	1190	0.5456
contig-100_19	7.2680	46684	0.5367	99.2139	46317	1123	1124	0.5310
contig-100_20	6.4833	46486	0.5781	99.7548	46372	992	1004	0.5733
contig-100_21	7.2124	46352	0.5666	99.8123	46265	1108	1106	0.5593
contig-100_22	6.5818	46137	0.5680	99.5600	45934	1012	999	0.5601
contig-100_23	7.5279	45714	0.5718	99.6084	45535	1140	1139	0.5668
contig-100_24	6.9734	45318	0.5730	99.3998	45046	1043	1050	0.5674
contig-100_25	7.4196	44750	0.5468	100.0000	44750	1101	1098	0.5401
contig-100_26	5.2420	44441	0.5492	99.0369	44013	767	776	0.5437
contig-100_27	7.7925	44350	0.5577	99.3439	44059	1142	1147	0.5531
contig-100_28	5.3704	43747	0.5338	99.0674	43339	776	780	0.5236
contig-100_29	7.7839	42674	0.5535	99.9578	42656	1102	1098	0.5488
contig-100_30	6.9313	42155	0.5739	99.7580	42053	968	967	0.5686
contig-100_31	7.4097	41572	0.5662	99.9230	41540	1021	1019	0.5579
contig-100_32	4.9419	41189	0.5276	98.4438	40548	673	675	0.5214
contig-100_33	4.8990	40962	0.5244	97.9762	40133	664	665	0.5157
contig-100_34	7.0481	40576	0.5665	99.2311	40264	943	951	0.5640
contig-100_35	4.6788	40309	0.5450	96.9064	39062	624	625	0.5373
contig-100_36	7.4848	39883	0.5761	99.3606	39628	988	989	0.5708
contig-100_37	4.8052	39469	0.5465	98.3658	38824	636	620	0.5398
contig-100_38	7.1732	38959	0.5645	99.4943	38762	926	925	0.5586
contig-100_39	4.8041	38944	0.5482	97.9021	38127	621	618	0.5345
contig-100_40	4.7117	38874	0.5491	98.6340	38343	607	606	0.5404
contig-100_41	7.1210	37342	0.5725	99.5662	37180	883	878	0.5703
contig-100_42	7.5939	37144	0.5517	99.8008	37070	936	932	0.5458
contig-100_43	5.3982	37116	0.5400	98.7903	36667	664	663	0.5210
contig-100_44	5.8336	36649	0.5038	99.5034	36467	704	712	0.4858
contig-100_45	7.3931	36232	0.5561	99.9117	36200	884	890	0.5499
contig-100_46	7.2156	35952	0.5604	99.7552	35864	857	861	0.5569
contig-100_47	8.1717	35347	0.5355	100.0000	35347	959	954	0.5314
contig-100_48	5.0636	34765	0.5426	98.4870	34239	585	581	0.5348
contig-100_49	7.5910	34214	0.5572	99.8334	34157	864	856	0.5543
contig-100_50	5.4986	33503	0.5345	98.9852	33163	611	609	0.5289
contig-100_51	7.7537	33378	0.5425	99.9131	33349	857	857	0.5368
contig-100_52	4.5427	32806	0.5555	98.6496	32363	489	498	0.5520
contig-100_53	5.9873	32531	0.5078	99.3821	32330	645	645	0.4902
contig-100_54	7.4702	32096	0.5596	100.0000	32096	798	790	0.5539
contig-100_55	4.8789	31877	0.5296	98.4409	31380	514	516	0.5207
contig-100_56	6.8149	30240	0.5706	100.0000	30240	679	686	0.5664
contig-100_57	6.9144	30156	0.5614	99.5391	30017	688	693	0.5555
contig-100_58	5.2903	30139	0.5486	99.0079	29840	531	525	0.5427
contig-100_59	5.4731	29958	0.5625	98.5179	29514	548	538	0.5563
contig-100_60	4.8432	29832	0.5623	99.4905	29680	478	479	0.5545
contig-100_61	5.4050	29608	0.5426	99.1387	29353	530	530	0.5296
contig-100_62	5.1399	29434	0.5342	97.1903	28607	505	497	0.5231
contig-100_63	7.2873	29029	0.5724	99.9173	29005	702	699	0.5713
contig-100_64	6.8188	28983	0.5715	99.6688	28887	654	655	0.5625
contig-100_65	5.2479	28771	0.5458	97.7651	28128	498	502	0.5398
contig-100_66	4.8259	28379	0.5521	98.5377	27964	452	455	0.5469
contig-100_67	6.0180	28253	0.5041	99.1328	28008	561	565	0.4904
contig-100_68	4.7272	28042	0.5603	97.6321	27378	440	438	0.5541
contig-100_69	7.1807	28007	0.5561	99.3609	27828	668	664	0.5511
contig-100_70	4.6886	27759	0.5493	97.9034	27177	432	430	0.5437
contig-100_71	5.0906	27579	0.5457	97.5235	26896	463	467	0.5408
contig-100_72	4.9736	27233	0.5542	98.1163	26720	450	447	0.5523
contig-100_73	4.7820	27219	0.5618	99.1954	27000	432	430	0.5551
contig-100_74	5.1978	26814	0.5396	98.6947	26464	460	463	0.5272
contig-100_75	6.5897	26737	0.5680	99.0799	26491	587	580	0.5662
contig-100_76	7.3060	26243	0.5577	99.8933	26215	637	633	0.5515
contig-100_77	6.4252	26107	0.5701	99.1305	25880	558	553	0.5653
contig-100_78	4.4767	26064	0.5484	94.6631	24673	390	383	0.5383
contig-100_79	7.1687	25545	0.5536	99.6242	25449	607	606	0.5453
contig-100_80	5.5117	25424	0.5504	99.5870	25319	465	463	0.5400
contig-100_81	5.0699	25400	0.5578	98.3189	24973	430	423	0.5475
contig-100_82	7.9124	25362	0.5452	99.8502	25324	669	660	0.5395
contig-100_83	4.6486	25269	0.5485	96.9330	24494	388	390	0.5445
contig-100_84	4.9063	25263	0.5519	99.4023	25112	409	412	0.5450
contig-100_85	5.5445	25134	0.5413	98.7268	24814	460	463	0.5313
contig-100_86	4.8423	25129	0.5590	98.7306	24810	404	402	0.5539
contig-100_87	7.3529	25049	0.5457	99.7565	24988	609	611	0.5411
contig-100_88	5.0115	24703	0.5628	98.4334	24316	412	408	0.5583
contig-100_89	6.1630	24648	0.5785	99.4563	24514	503	503	0.5776
contig-100_90	4.8349	24391	0.5510	97.5811	23801	391	390	0.5442
contig-100_91	5.2694	24298	0.5557	99.3497	24140	423	425	0.5520
contig-100_92	7.3631	24259	0.5522	99.8722	24228	596	587	0.5459
contig-100_93	5.4482	24249	0.5222	98.7175	23938	440	435	0.5126
contig-100_94	5.2523	24202	0.5523	98.9381	23945	423	419	0.5382
contig-100_95	7.2235	24165	0.5613	99.7269	24099	577	579	0.5611
contig-100_96	6.4504	23948	0.5739	99.4196	23809	511	512	0.5655
contig-100_97	5.6063	23740	0.4490	99.6040	23646	440	441	0.4488
contig-100_98	4.5387	23684	0.5613	96.5800	22874	356	356	0.5528
contig-100_99	4.9568	23548	0.5625	98.4542	23184	387	386	0.5534
contig-100_100	7.3075	23409	0.5810	99.9786	23404	566	567	0.5774
contig-100_101	5.1693	23391	0.5138	98.6448	23074	403	398	0.4997
contig-100_102	4.7417	23272	0.5356	98.6679	22962	365	366	0.5294
contig-100_103	7.3094	23093	0.5709	98.0947	22653	555	563	0.5671
contig-100_104	5.1654	23036	0.5147	98.9191	22787	396	392	0.5016
contig-100_105	6.7584	23029	0.5781	99.6874	22957	508	523	0.5730
contig-100_106	4.3815	23019	0.5788	96.6462	22247	335	333	0.5750
contig-100_107	5.2052	22977	0.5429	98.2635	22578	395	397	0.5355
contig-100_108	7.3767	22965	0.5683	99.8650	22934	561	561	0.5595
contig-100_109	6.6991	22878	0.4599	99.6722	22803	508	507	0.4536
contig-100_110	5.3112	22858	0.5378	97.3970	22263	405	399	0.5251
contig-100_111	7.4646	22818	0.5618	99.8116	22775	561	567	0.5576
contig-100_112	6.6758	22727	0.5686	99.6216	22641	505	500	0.5593
contig-100_113	4.0898	22701	0.5574	96.7975	21974	311	304	0.5492
contig-100_114	5.0376	22658	0.5312	98.4288	22302	374	382	0.5270
contig-100_115	4.8480	22643	0.5584	99.2580	22475	363	364	0.5493
contig-100_116	4.6414	22546	0.5475	97.2767	21932	347	346	0.5364
contig-100_117	5.5796	22508	0.4936	99.1514	22317	419	413	0.4833
contig-100_118	6.4079	22503	0.5150	99.6134	22416	476	479	0.5048
contig-100_119	6.8903	22482	0.5642	99.3417	22334	520	506	0.5578
contig-100_120	5.7587	22445	0.5170	98.9797	22216	424	432	0.4974
contig-100_121	7.1488	22383	0.5681	99.8213	22343	531	529	0.5640
contig-100_122	5.5468	22348	0.5400	99.2035	22170	408	413	0.5357
contig-100_123	5.6141	22240	0.5057	99.1097	22042	417	410	0.4923
contig-100_124	8.2745	22151	0.5314	99.9729	22145	607	607	0.5252
contig-100_125	7.2540	22124	0.5444	99.4486	22002	533	530	0.5374
contig-100_126	5.3303	21781	0.5175	98.8752	21536	385	384	0.4984
contig-100_127	8.0401	21757	0.5631	99.6369	21678	584	577	0.5344
contig-100_128	7.7082	21586	0.5612	99.7869	21540	550	552	0.5470
contig-100_129	4.3630	21489	0.5668	96.7751	20796	310	311	0.5584
contig-100_130	5.2291	21422	0.5439	97.8107	20953	369	373	0.5337
contig-100_131	5.1926	21228	0.5213	97.5881	20716	369	361	0.5189
contig-100_132	5.3414	21227	0.5691	99.5195	21125	372	379	0.5591
contig-100_133	5.8980	21196	0.5183	98.8960	20962	417	411	0.5014
contig-100_134	5.6096	21074	0.5178	98.9513	20853	395	388	0.5098
contig-100_135	6.9706	21011	0.5560	98.0486	20601	487	483	0.5462
contig-100_136	6.9476	20775	0.5865	99.8556	20745	476	480	0.5805
contig-100_137	6.8745	20708	0.5664	99.2901	20561	472	471	0.5621
contig-100_138	6.7337	20695	0.5643	99.2317	20536	461	462	0.5561
contig-100_139	6.8337	20482	0.5694	99.5996	20400	466	461	0.5616
contig-100_140	5.7690	20362	0.5361	99.8625	20334	388	390	0.5283
contig-100_141	6.1062	20351	0.5807	99.2531	20199	412	411	0.5740
contig-100_142	6.8728	20168	0.5795	99.4695	20061	459	459	0.5732
contig-100_143	5.1016	20098	0.5360	98.4775	19792	337	342	0.5300
contig-100_144	6.8924	19914	0.5684	99.0409	19723	457	452	0.5565
contig-100_145	6.9722	19903	0.5603	99.7488	19853	459	460	0.5580
contig-100_146	5.6688	19896	0.4566	98.6078	19619	373	374	0.4562
contig-100_147	4.1208	19824	0.5600	96.9330	19216	268	273	0.5519
contig-100_148	6.4466	19509	0.5604	99.7540	19461	413	420	0.5547
contig-100_149	4.6403	19492	0.5528	98.3019	19161	297	302	0.5467
contig-100_150	7.0264	19424	0.5518	99.6860	19363	453	451	0.5440
contig-100_151	7.6661	19399	0.5590	99.6546	19332	488	497	0.5491
contig-100_152	5.2503	19383	0.5506	99.1694	19222	339	335	0.5332
contig-100_153	4.8713	19372	0.5470	98.7405	19128	313	312	0.5425
contig-100_154	5.4125	19222	0.5347	98.4393	18922	341	348	0.5249
contig-100_155	6.9772	19215	0.5757	100.0000	19215	446	442	0.5712
contig-100_156	4.8767	19195	0.5434	97.6140	18737	309	311	0.5378
contig-100_157	4.4847	19091	0.5627	96.1972	18365	284	283	0.5614
contig-100_158	7.4652	19073	0.5682	99.8532	19045	470	473	0.5615
contig-100_159	7.5460	18945	0.5604	99.6675	18882	473	474	0.5593
contig-100_160	5.6957	18902	0.5434	97.7092	18469	357	356	0.5393
contig-100_161	7.7227	18476	0.5698	99.9946	18475	471	474	0.5674
contig-100_162	4.5723	18454	0.5721	97.7728	18043	281	278	0.5714
contig-100_163	7.4120	18371	0.5427	99.6897	18314	453	449	0.5394
contig-100_164	5.1629	18191	0.5372	97.8781	17805	312	310	0.5341
contig-100_165	7.1568	18144	0.5451	99.9559	18136	431	429	0.5358
contig-100_166	6.7407	17962	0.5681	99.3486	17845	399	403	0.5621
contig-100_167	4.6588	17955	0.5556	98.1175	17617	277	277	0.5528
contig-100_168	5.0442	17746	0.5570	96.5908	17141	297	296	0.5478
contig-100_169	5.0328	17700	0.5606	98.2768	17395	291	299	0.5579
contig-100_170	5.2946	17652	0.5460	95.4453	16848	309	310	0.5408
contig-100_171	5.0437	17476	0.5421	96.4237	16851	293	291	0.5286
contig-100_172	7.5021	17470	0.5498	99.9542	17462	435	433	0.5446
contig-100_173	5.2743	17403	0.5568	99.4254	17303	308	300	0.5560
contig-100_174	4.9919	17362	0.5481	99.4528	17267	287	287	0.5485
contig-100_175	5.2457	17329	0.5279	97.9168	16968	303	299	0.5123
contig-100_176	5.2834	17230	0.5526	98.4562	16964	303	300	0.5469
contig-100_177	5.0549	17205	0.5362	98.6806	16978	287	289	0.5240
contig-100_178	4.6441	17070	0.5491	95.0732	16229	261	264	0.5364
contig-100_179	8.3839	17050	0.5230	99.8827	17030	472	475	0.5103
contig-100_180	4.8682	16996	0.5510	99.5234	16915	272	276	0.5459
contig-100_181	8.2714	16993	0.5609	99.8058	16960	463	468	0.5607
contig-100_182	4.6028	16992	0.5470	98.3522	16712	261	257	0.5400
contig-100_183	6.7699	16990	0.5552	99.2054	16855	379	383	0.5528
contig-100_184	7.3098	16939	0.5410	99.5100	16856	415	405	0.5409
contig-100_185	4.9315	16870	0.5300	96.7991	16330	273	278	0.5148
contig-100_186	4.4786	16825	0.5624	96.3923	16218	250	249	0.5574
contig-100_187	7.7102	16823	0.5764	99.7860	16787	430	429	0.5689
contig-100_188	7.0632	16757	0.5713	99.6181	16693	392	392	0.5642
contig-100_189	8.9615	16713	0.5141	99.8384	16686	500	492	0.5030
contig-100_190	4.6290	16506	0.5480	98.4127	16244	253	253	0.5383
contig-100_191	4.9462	16420	0.5630	97.3021	15977	273	265	0.5454
contig-100_192	8.6714	16384	0.5181	100.0000	16384	471	470	0.5079
contig-100_193	4.6734	16380	0.5675	98.3761	16114	255	252	0.5591
contig-100_194	5.0890	16319	0.5506	96.8258	15801	275	275	0.5435
contig-100_195	4.4904	16276	0.5507	95.8958	15608	242	242	0.5460
contig-100_196	5.3168	16188	0.5372	98.4248	15933	286	284	0.5298
contig-100_197	5.1983	16175	0.5572	99.5981	16110	277	280	0.5531
contig-100_198	4.3933	16085	0.5421	93.0805	14972	236	232	0.5425
contig-100_199	4.6617	16030	0.5429	98.6026	15806	245	250	0.5407
contig-100_200	7.0064	15923	0.5671	99.3155	15814	364	375	0.5571
contig-100_201	6.5903	15830	0.5579	99.7599	15792	347	344	0.5521
contig-100_202	85.1508	15813	0.2619	100.0000	15813	4473	4447	0.2613
contig-100_203	6.0928	15812	0.5213	99.4055	15718	318	320	0.5127
contig-100_204	4.7322	15795	0.5521	95.2580	15046	248	247	0.5631
contig-100_205	5.8466	15779	0.5419	99.1825	15650	307	304	0.5349
contig-100_206	7.4397	15709	0.5399	99.3380	15605	385	389	0.5308
contig-100_207	6.7373	15658	0.5822	99.5721	15591	349	350	0.5770
contig-100_208	6.0450	15561	0.5290	99.8201	15533	312	311	0.5182
contig-100_209	4.5803	15560	0.5704	96.9216	15081	237	235	0.5615
contig-100_210	6.6108	15485	0.5697	99.3219	15380	338	340	0.5686
contig-100_211	4.5856	15476	0.5534	97.5834	15102	235	235	0.5388
contig-100_212	7.5972	15443	0.5615	99.7280	15401	395	382	0.5595
contig-100_213	7.7458	15419	0.5472	99.7536	15381	394	397	0.5454
contig-100_214	4.6258	15375	0.5631	98.9789	15218	235	236	0.5580
contig-100_215	5.5018	15150	0.5351	96.9439	14687	278	274	0.5212
contig-100_216	6.2250	15112	0.5859	99.0339	14966	312	311	0.5842
contig-100_217	4.0506	15090	0.5676	93.1146	14051	201	204	0.5638
contig-100_218	5.5539	15061	0.5097	98.6057	14851	277	277	0.4990
contig-100_219	4.4842	15052	0.5400	97.2761	14642	224	223	0.5365
contig-100_220	5.0604	15009	0.5360	97.6747	14660	250	253	0.5216
contig-100_221	4.0575	14998	0.5579	96.4195	14461	201	202	0.5533
contig-100_222	4.4112	14991	0.5591	97.2383	14577	217	221	0.5484
contig-100_223	4.5576	14974	0.5201	98.3705	14730	229	223	0.5020
contig-100_224	7.1889	14934	0.5665	99.8929	14918	356	355	0.5605
contig-100_225	5.6040	14872	0.5389	96.9069	14412	274	278	0.5281
contig-100_226	6.7409	14762	0.5673	98.4419	14532	328	331	0.5625
contig-100_227	5.0617	14735	0.5405	98.4595	14508	247	247	0.5337
contig-100_228	5.1954	14733	0.5275	96.8167	14264	253	254	0.5238
contig-100_229	6.3672	14608	0.5030	99.4387	14526	308	308	0.4808
contig-100_230	8.2051	14483	0.5335	99.9448	14475	396	391	0.5310
contig-100_231	7.4205	14387	0.5552	98.3179	14145	354	353	0.5486
contig-100_232	7.1329	14331	0.5644	99.8953	14316	336	341	0.5596
contig-100_233	6.4701	14324	0.5585	99.9511	14317	307	307	0.5476
contig-100_234	7.6220	14302	0.5719	99.9441	14294	365	357	0.5688
contig-100_235	4.7915	14276	0.5366	95.9723	13701	228	225	0.5435
contig-100_236	5.1235	14232	0.5410	98.7423	14053	243	240	0.5359
contig-100_237	7.4825	14184	0.5805	99.6968	14141	349	354	0.5769
contig-100_238	7.2191	14117	0.5678	99.9292	14107	338	337	0.5580
contig-100_239	7.3173	14011	0.5640	99.6503	13962	337	342	0.5626
contig-100_240	5.0139	14004	0.5380	98.9931	13863	233	232	0.5294
contig-100_241	7.5642	13792	0.5763	99.9855	13790	345	346	0.5768
contig-100_242	4.9886	13740	0.5565	99.0975	13616	227	227	0.5480
contig-100_243	4.6674	13652	0.5262	98.4325	13438	210	212	0.5251
contig-100_244	4.7288	13630	0.5599	98.0411	13363	214	213	0.5589
contig-100_245	7.5578	13522	0.5707	100.0000	13522	341	336	0.5649
contig-100_246	4.9245	13460	0.5639	96.9019	13043	220	219	0.5576
contig-100_247	6.4681	13447	0.4985	98.9589	13307	291	285	0.4743
contig-100_248	5.1343	13381	0.5355	97.4516	13040	227	228	0.5337
contig-100_249	5.1712	13371	0.5288	99.3793	13288	230	228	0.5263
contig-100_250	5.5390	13358	0.5454	98.3081	13132	243	247	0.5360
contig-100_251	6.9851	13355	0.5673	99.7604	13323	312	306	0.5561
contig-100_252	5.6470	13339	0.5480	99.1229	13222	252	247	0.5329
contig-100_253	4.9887	13282	0.5507	97.2519	12917	221	218	0.5390
contig-100_254	7.3871	13243	0.5678	99.9018	13230	327	321	0.5598
contig-100_255	8.6159	13178	0.5276	99.9317	13169	376	376	0.5256
contig-100_256	4.6509	13149	0.5518	97.3610	12802	205	200	0.5479
contig-100_257	7.0461	13137	0.5601	99.6498	13091	300	313	0.5559
contig-100_258	4.8595	13113	0.5426	97.1784	12743	213	209	0.5239
contig-100_259	4.3597	13091	0.5750	98.7167	12923	185	193	0.5738
contig-100_260	4.3184	13077	0.5420	98.9447	12939	189	185	0.5439
contig-100_261	8.9651	13000	0.5265	99.8846	12985	389	383	0.5182
contig-100_262	10.8900	12973	0.5262	99.9075	12961	488	451	0.4943
contig-100_263	7.5433	12957	0.5663	100.0000	12957	325	323	0.5589
contig-100_264	8.1671	12905	0.5601	99.6513	12860	349	349	0.5496
contig-100_265	24.4593	12851	0.4716	100.0000	12851	1042	1039	0.4603
contig-100_266	8.3268	12833	0.4111	99.9922	12832	360	348	0.4074
contig-100_267	6.0136	12626	0.5424	97.7903	12347	256	247	0.5394
contig-100_268	4.2423	12600	0.5463	96.6508	12178	177	177	0.5405
contig-100_269	5.4611	12581	0.5359	98.8952	12442	228	227	0.5228
contig-100_270	7.7446	12574	0.5799	99.9125	12563	320	325	0.5744
contig-100_271	6.8782	12532	0.5752	99.8484	12513	279	292	0.5572
contig-100_272	5.9469	12518	0.5050	98.9934	12392	245	248	0.4998
contig-100_273	7.4039	12502	0.5676	99.5921	12451	308	305	0.5622
contig-100_274	6.5046	12417	0.5823	99.7101	12381	267	268	0.5783
contig-100_275	5.2796	12354	0.5023	97.6364	12062	216	216	0.4936
contig-100_276	5.1253	12344	0.5187	97.9747	12094	208	211	0.5011
contig-100_277	14.1414	12319	0.6306	100.0000	12319	570	584	0.6263
contig-100_278	4.6508	12301	0.5499	95.9434	11802	189	190	0.5449
contig-100_279	4.7709	12273	0.4467	98.3460	12070	194	194	0.4452
contig-100_280	5.1285	12247	0.5536	98.9385	12117	210	206	0.5455
contig-100_281	6.9719	12237	0.5491	99.8284	12216	281	284	0.5513
contig-100_282	5.2650	12216	0.5565	98.2400	12001	216	210	0.5510
contig-100_283	4.5359	12216	0.5470	96.6028	11801	186	181	0.5428
contig-100_284	16.4951	12210	0.4308	100.0000	12210	666	668	0.4291
contig-100_285	6.3984	12175	0.5680	99.3265	12093	258	258	0.5639
contig-100_286	6.2759	12174	0.5808	99.5729	12122	256	250	0.5760
contig-100_287	4.2678	12171	0.5652	97.4201	11857	172	172	0.5608
contig-100_288	4.5842	12089	0.5589	99.0735	11977	185	182	0.5572
contig-100_289	8.0745	12060	0.5385	100.0000	12060	323	322	0.5294
contig-100_290	6.6599	12058	0.5581	99.1209	11952	265	267	0.5629
contig-100_291	4.9227	12024	0.5601	99.3679	11948	197	195	0.5636
contig-100_292	4.3330	12020	0.4766	96.9135	11649	176	169	0.4704
contig-100_293	8.4745	11989	0.4329	99.9416	11982	334	339	0.4213
contig-100_294	7.8800	11971	0.5474	100.0000	11971	314	311	0.5375
contig-100_295	7.0764	11969	0.5493	99.7911	11944	280	281	0.5398
contig-100_296	16.3467	11968	0.4789	100.0000	11968	641	654	0.4705
contig-100_297	8.2899	11891	0.4514	98.3685	11697	327	325	0.4305
contig-100_298	10.3564	11866	0.4833	100.0000	11866	405	409	0.4757
contig-100_299	5.0058	11823	0.5550	96.7859	11443	195	197	0.5493
contig-100_300	6.9630	11817	0.5633	99.7207	11784	274	271	0.5608
contig-100_301	4.9524	11767	0.5402	98.6658	11610	194	192	0.5351
contig-100_302	8.4971	11763	0.5404	99.4049	11693	327	335	0.5350
contig-100_303	5.4923	11711	0.5187	97.9421	11470	212	214	0.5055
contig-100_304	5.1107	11663	0.5305	98.6624	11507	196	199	0.5176
contig-100_305	7.2347	11598	0.5613	99.8276	11578	277	279	0.5528
contig-100_306	4.6890	11556	0.5783	99.2645	11471	184	175	0.5723
contig-100_307	79.8983	11540	0.3834	100.0000	11540	3055	3049	0.3788
contig-100_308	5.1122	11519	0.5269	98.2117	11313	196	194	0.5217
contig-100_309	5.5357	11510	0.5253	98.6447	11354	211	211	0.5163
contig-100_310	4.9069	11509	0.4550	98.4534	11331	189	185	0.4544
contig-100_311	6.1905	11488	0.5986	99.8259	11468	234	237	0.6027
contig-100_312	5.3272	11478	0.5314	98.6147	11319	203	202	0.5220
contig-100_313	6.4667	11465	0.5948	98.9359	11343	242	249	0.5883
contig-100_314	4.5875	11416	0.5622	98.0028	11188	175	172	0.5605
contig-100_315	6.9967	11394	0.5663	99.8420	11376	262	266	0.5654
contig-100_316	6.7436	11394	0.4206	99.3330	11318	252	257	0.4094
contig-100_317	9.5255	11352	0.4608	99.6829	11316	352	364	0.4371
contig-100_318	5.8637	11327	0.5221	98.6492	11174	221	219	0.5165
contig-100_319	7.7175	11272	0.3992	100.0000	11272	287	289	0.3997
contig-100_320	7.1639	11230	0.5673	99.9822	11228	266	267	0.5557
contig-100_321	6.6786	11099	0.5691	99.6576	11061	244	247	0.5628
contig-100_322	7.5905	11098	0.5487	100.0000	11098	277	281	0.5439
contig-100_323	7.5825	11091	0.5485	98.4672	10921	275	282	0.5407
contig-100_324	4.6202	11079	0.5502	96.9311	10739	169	170	0.5430
contig-100_325	9.1807	11023	0.4425	99.8458	11006	333	337	0.4348
contig-100_326	6.4872	11010	0.5576	99.5913	10965	237	236	0.5476
contig-100_327	14.8088	11008	0.4417	100.0000	11008	537	542	0.4386
contig-100_328	7.4713	11007	0.5880	99.8819	10994	270	275	0.5748
contig-100_329	5.7692	10991	0.5255	99.8908	10979	210	210	0.5166
contig-100_330	4.9428	10970	0.4485	97.2197	10665	181	178	0.4436
contig-100_331	4.5900	10955	0.5450	95.9836	10515	164	169	0.5369
contig-100_332	14.3391	10943	0.4176	99.8538	10927	519	520	0.4145
contig-100_333	6.3085	10934	0.5900	99.9268	10926	227	230	0.5764
contig-100_334	8.6277	10894	0.4428	97.9622	10672	320	302	0.4398
contig-100_335	6.6004	10866	0.5016	98.8220	10738	235	240	0.4859
contig-100_336	5.4401	10851	0.5489	98.9678	10739	196	195	0.5509
contig-100_337	6.7387	10840	0.5681	100.0000	10840	243	241	0.5617
contig-100_338	5.2411	10804	0.5262	99.0559	10702	189	186	0.5207
contig-100_339	5.0445	10768	0.5363	97.7619	10527	182	178	0.5141
contig-100_340	14.8768	10766	0.4971	100.0000	10766	531	530	0.4863
contig-100_341	7.7772	10635	0.5461	99.4076	10572	271	277	0.5379
contig-100_342	7.6409	10571	0.5472	99.8581	10556	271	264	0.5414
contig-100_343	5.8803	10548	0.4917	96.8051	10211	208	203	0.4767
contig-100_344	8.7097	10489	0.5463	99.9905	10488	301	304	0.5432
contig-100_345	6.3831	10480	0.5450	99.6374	10442	221	222	0.5460
contig-100_346	14.9409	10470	0.4049	100.0000	10470	523	513	0.3959
contig-100_347	5.0033	10442	0.5306	97.8644	10219	173	173	0.5357
contig-100_348	5.7275	10439	0.5390	97.9213	10222	197	199	0.5297
contig-100_349	5.3979	10432	0.5108	98.0253	10226	186	187	0.5031
contig-100_350	5.1563	10394	0.5229	97.1714	10100	178	177	0.5097
contig-100_351	4.4938	10383	0.5643	96.1764	9986	154	155	0.5576
contig-100_352	8.1778	10375	0.5268	99.5855	10332	275	287	0.5196
contig-100_353	5.0728	10329	0.5569	99.0706	10233	172	175	0.5518
contig-100_354	5.4564	10321	0.5381	97.4034	10053	188	185	0.5105
contig-100_355	10.0734	10298	0.4266	98.8347	10178	340	347	0.4171
contig-100_356	4.4125	10264	0.5529	95.7132	9824	147	153	0.5406
contig-100_357	6.0386	10250	0.5524	98.9951	10147	205	205	0.5341
contig-100_358	6.4252	10247	0.4772	97.4529	9986	219	217	0.4699
contig-100_359	14.9144	10244	0.4665	100.0000	10244	515	497	0.4520
contig-100_360	7.4077	10170	0.5433	98.8004	10048	253	246	0.5384
contig-100_361	4.1586	10167	0.5434	89.8692	9137	137	143	0.5345
contig-100_362	6.7734	10139	0.5827	100.0000	10139	230	225	0.5753
contig-100_363	5.4178	10138	0.5547	100.0000	10138	180	184	0.5520
contig-100_364	5.2443	10135	0.5727	98.3522	9968	178	174	0.5702
contig-100_365	8.5064	10118	0.3684	99.6244	10080	284	286	0.3685
contig-100_366	5.0235	10100	0.5354	97.0594	9803	167	169	0.5298
contig-100_367	4.9630	10097	0.5530	96.0879	9702	167	165	0.5418
contig-100_368	7.9129	10059	0.4039	99.5725	10016	262	265	0.3985
contig-100_369	5.1851	10046	0.5528	98.6363	9909	171	174	0.5494
contig-100_370	4.6624	10005	0.5450	98.0910	9814	153	156	0.5399
contig-100_371	13.5958	10005	0.6401	99.9000	9995	452	449	0.6337
contig-100_372	6.9453	10001	0.5434	99.4201	9943	229	231	0.5391
contig-100_373	6.2905	9978	0.5753	99.3686	9915	210	206	0.5714
contig-100_374	5.1461	9968	0.4490	96.4486	9614	171	169	0.4310
contig-100_375	5.0365	9953	0.5393	98.3121	9785	170	162	0.5355
contig-100_376	5.3656	9934	0.5226	96.1144	9548	176	177	0.5072
contig-100_377	4.4313	9916	0.5672	98.0637	9724	147	144	0.5643
contig-100_378	7.0900	9880	0.5565	100.0000	9880	231	233	0.5549
contig-100_379	5.6073	9879	0.4540	96.7608	9559	183	184	0.4389
contig-100_380	6.2515	9876	0.4779	99.3823	9815	204	205	0.4573
contig-100_381	4.1396	9848	0.5698	98.7510	9725	135	135	0.5662
contig-100_382	8.6748	9800	0.5379	99.3980	9741	284	279	0.5349
contig-100_383	22.2580	9789	0.4865	100.0000	9789	725	718	0.4791
contig-100_384	52.1123	9780	0.4742	100.0000	9780	1702	1673	0.4666
contig-100_385	5.2261	9766	0.5461	95.1362	9291	167	171	0.5399
contig-100_386	12.5969	9765	0.4163	99.8771	9753	404	410	0.4100
contig-100_387	7.7592	9745	0.5315	99.5485	9701	252	249	0.5278
contig-100_388	7.6248	9699	0.5513	99.9691	9696	245	245	0.5435
contig-100_389	24.5199	9691	0.4452	100.0000	9691	785	789	0.4373
contig-100_390	7.9624	9688	0.5805	99.3807	9628	255	256	0.5797
contig-100_391	4.7027	9663	0.5388	99.9069	9654	150	151	0.5258
contig-100_392	6.0171	9634	0.5037	99.7716	9612	193	191	0.4964
contig-100_393	5.2826	9631	0.5214	99.4082	9574	168	169	0.5152
contig-100_394	4.9917	9618	0.5577	97.9310	9419	159	159	0.5599
contig-100_395	16.3390	9602	0.4679	99.9479	9597	524	515	0.4531
contig-100_396	50.7528	9570	0.4448	100.0000	9570	1609	1609	0.4515
contig-100_397	14.0578	9558	0.6424	100.0000	9558	444	446	0.6412
contig-100_398	7.2930	9544	0.5701	99.2142	9469	232	229	0.5528
contig-100_399	12.7140	9513	0.3941	99.7582	9490	404	397	0.3852
contig-100_400	4.6216	9475	0.5883	96.6755	9160	147	143	0.5875
contig-100_401	10.0710	9445	0.4197	98.4754	9301	314	315	0.4397
contig-100_402	9.0951	9414	0.4955	99.7769	9393	282	285	0.4903
contig-100_403	7.6195	9413	0.4072	99.7769	9392	236	239	0.4046
contig-100_404	7.0992	9396	0.4616	99.4679	9346	226	216	0.4500
contig-100_405	4.6238	9336	0.5744	95.7048	8935	142	144	0.5704
contig-100_406	13.8520	9334	0.5243	99.9679	9331	421	435	0.5100
contig-100_407	5.9442	9321	0.5098	100.0000	9321	184	183	0.5016
contig-100_408	13.6442	9302	0.6009	100.0000	9302	415	426	0.5981
contig-100_409	6.9020	9298	0.5516	99.7957	9279	209	216	0.5507
contig-100_410	5.2316	9292	0.5494	99.4942	9245	162	160	0.5505
contig-100_411	5.6420	9287	0.5656	98.6540	9162	173	174	0.5659
contig-100_412	7.0775	9279	0.5628	99.8599	9266	217	218	0.5612
contig-100_413	5.6144	9256	0.5226	96.7481	8955	166	178	0.5119
contig-100_414	2.5290	9252	0.4761	89.2564	8258	77	78	0.4645
contig-100_415	5.9681	9235	0.4991	99.1337	9155	184	181	0.4984
contig-100_416	7.2597	9232	0.5375	100.0000	9232	221	223	0.5376
contig-100_417	5.0382	9229	0.5277	95.7634	8838	154	154	0.5150
contig-100_418	4.8858	9210	0.5540	94.4951	8703	149	149	0.5466
contig-100_419	7.0402	9135	0.5807	99.8248	9119	211	215	0.5726
contig-100_420	5.6003	9006	0.5255	99.2783	8941	166	168	0.5110
contig-100_421	4.9454	9003	0.5443	100.0000	9003	146	149	0.5340
contig-100_422	4.6336	8988	0.5471	98.6983	8871	140	136	0.5388
contig-100_423	4.1453	8960	0.5316	95.9821	8600	125	121	0.5198
contig-100_424	32.6820	8941	0.5497	100.0000	8941	965	969	0.5321
contig-100_425	6.0606	8939	0.5959	99.9776	8937	180	179	0.5924
contig-100_426	4.7849	8927	0.5425	94.9143	8473	142	141	0.5347
contig-100_427	4.9463	8917	0.3989	99.2711	8852	144	148	0.4021
contig-100_428	47.8380	8914	0.4161	98.7548	8803	1412	1410	0.4064
contig-100_429	4.1192	8903	0.5664	98.3489	8756	121	122	0.5624
contig-100_430	4.0433	8887	0.5536	97.8958	8700	120	118	0.5440
contig-100_431	8.0289	8838	0.5494	99.7171	8813	234	237	0.5420
contig-100_432	4.9738	8829	0.5322	95.7979	8458	145	146	0.5258
contig-100_433	6.1200	8806	0.5243	99.9319	8800	179	178	0.5179
contig-100_434	4.9593	8798	0.5317	98.5110	8667	144	145	0.5207
contig-100_435	20.9870	8775	0.4261	99.8860	8765	595	624	0.4273
contig-100_436	7.3323	8770	0.4047	99.5325	8729	210	216	0.4017
contig-100_437	14.1401	8734	0.3984	100.0000	8734	409	409	0.3950
contig-100_438	4.6446	8713	0.5491	97.6816	8511	136	132	0.5436
contig-100_439	9.1819	8710	0.4843	100.0000	8710	267	263	0.4774
contig-100_440	9.6393	8696	0.5359	99.8275	8681	278	277	0.5229
contig-100_441	16.1578	8683	0.3868	99.0441	8600	475	454	0.3730
contig-100_442	5.7135	8667	0.5547	99.5385	8627	163	165	0.5500
contig-100_443	5.4471	8620	0.5457	97.8770	8437	156	155	0.5241
contig-100_444	4.5144	8594	0.5339	95.7063	8225	128	129	0.5234
contig-100_445	9.9464	8593	0.5695	100.0000	8593	283	283	0.5588
contig-100_446	20.2297	8576	0.4101	94.6479	8117	578	569	0.4015
contig-100_447	11.6629	8573	0.4123	97.3988	8350	328	334	0.4087
contig-100_448	5.4644	8538	0.5248	97.4350	8319	157	152	0.5168
contig-100_449	4.1751	8463	0.5589	97.4713	8249	116	118	0.5549
contig-100_450	4.6007	8435	0.5389	97.8660	8255	129	128	0.5334
contig-100_451	7.2852	8433	0.5686	99.1462	8361	206	201	0.5639
contig-100_452	10.3485	8419	0.4720	100.0000	8419	280	297	0.4539
contig-100_453	11.4485	8415	0.4613	99.8217	8400	321	317	0.4537
contig-100_454	4.7333	8388	0.5747	96.9003	8128	131	132	0.5724
contig-100_455	18.7661	8379	0.5004	100.0000	8379	516	525	0.4907
contig-100_456	7.1306	8369	0.4232	97.9328	8196	199	196	0.4178
contig-100_457	8.1805	8343	0.5408	99.9880	8342	225	227	0.5372
contig-100_458	5.4099	8316	0.5527	98.9177	8226	150	148	0.5449
contig-100_459	5.0140	8302	0.5343	98.9400	8214	136	140	0.5262
contig-100_460	43.4461	8301	0.4862	100.0000	8301	1184	1204	0.4807
contig-100_461	6.1053	8289	0.4570	98.8418	8193	162	173	0.4463
contig-100_462	12.0057	8286	0.4527	100.0000	8286	331	327	0.4476
contig-100_463	4.5600	8278	0.5785	97.5477	8075	122	128	0.5661
contig-100_464	8.9452	8270	0.5353	99.8670	8259	248	242	0.5225
contig-100_465	6.2523	8269	0.4477	98.1739	8118	169	173	0.4461
contig-100_466	7.1277	8260	0.5748	99.6126	8228	195	195	0.5740
contig-100_467	6.1803	8255	0.4199	96.7414	7986	167	171	0.4170
contig-100_468	15.5842	8253	0.5941	100.0000	8253	425	427	0.5826
contig-100_469	7.4990	8191	0.5386	99.3652	8139	203	203	0.5301
contig-100_470	6.5246	8165	0.5591	99.0080	8084	176	177	0.5526
contig-100_471	10.8894	8165	0.5466	98.5303	8045	299	289	0.5212
contig-100_472	4.9002	8164	0.5341	98.8364	8069	132	133	0.5223
contig-100_473	9.6177	8159	0.4673	99.7549	8139	257	262	0.4594
contig-100_474	5.6868	8125	0.4875	99.1385	8055	152	154	0.4782
contig-100_475	4.3628	8099	0.5598	99.3086	8043	116	118	0.5498
contig-100_476	4.9723	8078	0.5448	97.9203	7910	132	134	0.5462
contig-100_477	17.5078	8063	0.4156	99.0822	7989	461	474	0.4110
contig-100_478	4.4374	8062	0.5468	97.7797	7883	117	120	0.5369
contig-100_479	18.8058	8055	0.5157	99.6648	8028	502	502	0.4829
contig-100_480	10.9768	8050	0.4865	98.7081	7946	297	288	0.4796
contig-100_481	13.5744	8041	0.6301	100.0000	8041	362	361	0.6226
contig-100_482	21.8411	7993	0.4070	99.4495	7949	583	573	0.4017
contig-100_483	5.2780	7981	0.4942	97.8699	7811	138	141	0.4814
contig-100_484	7.2691	7971	0.5373	100.0000	7971	192	192	0.5278
contig-100_485	3.4480	7969	0.3965	95.4574	7607	91	91	0.3951
contig-100_486	20.2159	7956	0.4115	100.0000	7956	524	541	0.4040
contig-100_487	7.8681	7948	0.4199	98.9557	7865	213	201	0.4188
contig-100_488	13.4777	7944	0.4274	99.8615	7933	353	356	0.4274
contig-100_489	9.0136	7940	0.4154	99.6977	7916	233	241	0.4137
contig-100_490	14.0053	7936	0.5358	100.0000	7936	369	367	0.5085
contig-100_491	48.1384	7936	0.5313	100.0000	7936	1273	1257	0.5286
contig-100_492	15.1668	7924	0.4691	100.0000	7924	390	406	0.4565
contig-100_493	17.7015	7912	0.5282	100.0000	7912	462	465	0.5229
contig-100_494	4.6949	7912	0.5594	97.3458	7702	123	123	0.5566
contig-100_495	5.5135	7885	0.4875	98.6430	7778	142	146	0.4767
contig-100_496	4.3784	7862	0.5589	96.1842	7562	115	113	0.5634
contig-100_497	6.0606	7844	0.5321	99.6558	7817	162	153	0.5232
contig-100_498	2.7938	7837	0.4303	87.0359	6821	72	73	0.4198
contig-100_499	4.2972	7836	0.5597	95.4696	7481	112	111	0.5544
contig-100_500	22.8233	7806	0.4254	100.0000	7806	586	594	0.4303
contig-100_501	5.0425	7782	0.5266	97.6870	7602	130	130	0.5129
contig-100_502	4.7644	7762	0.4293	90.0541	6990	113	132	0.4247
contig-100_503	7.2765	7759	0.5422	98.2859	7626	187	187	0.5373
contig-100_504	4.8661	7729	0.4197	95.3422	7369	122	127	0.4126
contig-100_505	7.1348	7722	0.5150	97.9021	7560	186	179	0.5282
contig-100_506	13.9537	7713	0.6094	100.0000	7713	360	353	0.5889
contig-100_507	2.8899	7681	0.4968	94.3237	7245	73	74	0.4798
contig-100_508	15.1518	7680	0.5927	100.0000	7680	389	382	0.5874
contig-100_509	12.1130	7654	0.4284	100.0000	7654	308	306	0.4193
contig-100_510	24.0266	7642	0.5164	100.0000	7642	611	605	0.5083
contig-100_511	10.9424	7638	0.4673	100.0000	7638	283	271	0.4571
contig-100_512	5.7752	7633	0.5370	97.0654	7409	146	146	0.5296
contig-100_513	4.4517	7632	0.5649	95.8202	7313	114	111	0.5617
contig-100_514	4.0227	7620	0.5927	97.5722	7435	104	99	0.5922
contig-100_515	7.4870	7598	0.5246	100.0000	7598	188	189	0.5126
contig-100_516	4.0520	7597	0.5772	93.1025	7073	101	103	0.5593
contig-100_517	7.4729	7595	0.5309	99.9078	7588	184	192	0.5299
contig-100_518	15.5505	7581	0.5857	99.5911	7550	395	386	0.5917
contig-100_519	4.6807	7580	0.5517	98.3509	7455	117	118	0.5421
contig-100_520	5.5807	7574	0.4445	99.0758	7504	141	139	0.4281
contig-100_521	9.4978	7573	0.4480	98.1645	7434	234	242	0.4432
contig-100_522	3.8019	7568	0.4576	95.2035	7205	98	92	0.4505
contig-100_523	11.8790	7547	0.6342	99.9470	7543	302	292	0.6293
contig-100_524	4.0837	7543	0.4032	95.8107	7227	99	105	0.4022
contig-100_525	2.5630	7540	0.5229	89.9469	6782	65	63	0.5151
contig-100_526	11.1016	7536	0.4169	99.9071	7529	277	277	0.4045
contig-100_527	4.2897	7532	0.5971	99.3627	7484	106	108	0.6023
contig-100_528	16.2428	7528	0.5862	100.0000	7528	404	406	0.5856
contig-100_529	7.0214	7527	0.5583	99.4553	7486	173	177	0.5555
contig-100_530	5.0815	7518	0.5493	99.0290	7445	124	129	0.5376
contig-100_531	4.7655	7508	0.5373	98.8546	7422	119	118	0.5285
contig-100_532	4.6930	7507	0.4176	96.6831	7258	117	116	0.4170
contig-100_533	9.7354	7490	0.4473	99.7330	7470	242	241	0.4449
contig-100_534	17.9712	7459	0.5245	100.0000	7459	413	475	0.5396
contig-100_535	12.2015	7458	0.6543	100.0000	7458	298	305	0.6399
contig-100_536	3.5140	7430	0.5396	91.0633	6766	84	89	0.5401
contig-100_537	11.1499	7423	0.4172	99.5285	7388	262	286	0.4127
contig-100_538	9.8530	7421	0.4292	97.9518	7269	239	245	0.4303
contig-100_539	6.0270	7418	0.4105	99.0294	7346	150	146	0.4081
contig-100_540	80.2325	7373	0.4184	100.0000	7373	1957	1961	0.4099
contig-100_541	6.5614	7364	0.5889	98.7371	7271	161	159	0.5802
contig-100_542	10.9367	7356	0.4721	100.0000	7356	261	272	0.4681
contig-100_543	3.1244	7346	0.4596	89.4500	6571	76	76	0.4487
contig-100_544	7.6922	7320	0.5473	99.6038	7291	184	189	0.5291
contig-100_545	5.8579	7317	0.5422	94.5469	6918	131	153	0.5024
contig-100_546	16.1500	7301	0.6153	100.0000	7301	396	385	0.5895
contig-100_547	20.3524	7293	0.4883	100.0000	7293	490	493	0.4864
contig-100_548	12.6358	7292	0.4085	99.9314	7287	304	307	0.4066
contig-100_549	15.2999	7290	0.6309	100.0000	7290	367	372	0.6100
contig-100_550	18.3750	7267	0.4635	99.9312	7262	441	443	0.4519
contig-100_551	6.0948	7260	0.4229	97.9477	7111	144	149	0.4170
contig-100_552	18.2131	7254	0.4195	99.9862	7253	437	438	0.4178
contig-100_553	10.5046	7248	0.4346	99.5861	7218	248	256	0.4238
contig-100_554	6.1458	7248	0.5410	99.3377	7200	149	146	0.5281
contig-100_555	8.2166	7240	0.4033	99.3370	7192	192	202	0.3997
contig-100_556	22.5912	7240	0.5102	100.0000	7240	539	544	0.4998
contig-100_557	6.8577	7239	0.5859	100.0000	7239	162	167	0.5889
contig-100_558	6.9911	7213	0.4585	99.7782	7197	168	166	0.4379
contig-100_559	20.1500	7199	0.5017	100.0000	7199	483	478	0.4960
contig-100_560	6.2328	7195	0.4370	97.6789	7028	151	146	0.4292
contig-100_561	5.9912	7185	0.4038	99.1788	7126	142	143	0.3956
contig-100_562	7.1898	7177	0.4800	94.3152	6769	171	170	0.4668
contig-100_563	13.0324	7168	0.6327	100.0000	7168	306	313	0.6257
contig-100_564	4.3075	7149	0.5641	91.9709	6575	102	102	0.5425
contig-100_565	8.2212	7125	0.5472	98.8772	7045	190	198	0.5420
contig-100_566	5.1931	7124	0.5386	97.3189	6933	124	121	0.5256
contig-100_567	3.0746	7118	0.5183	95.0688	6767	73	72	0.5162
contig-100_568	6.0042	7092	0.5866	99.1963	7035	142	140	0.5812
contig-100_569	5.0216	7068	0.4421	98.4578	6959	117	118	0.4343
contig-100_570	14.4930	7065	0.4653	100.0000	7065	344	333	0.4603
contig-100_571	6.0523	7061	0.5154	99.3344	7014	142	141	0.5093
contig-100_572	6.9520	7059	0.5671	99.4900	7023	163	162	0.5637
contig-100_573	8.0034	7056	0.4528	97.3073	6866	186	188	0.4444
contig-100_574	7.9865	7047	0.5646	99.0918	6983	183	190	0.5628
contig-100_575	7.4578	7046	0.5748	98.9072	6969	174	174	0.5695
contig-100_576	7.9347	7002	0.5666	99.9143	6996	184	184	0.5675
contig-100_577	3.5160	7000	0.4439	91.6000	6412	79	84	0.4400
contig-100_578	2.6969	6994	0.5202	91.2210	6380	62	63	0.5179
contig-100_579	22.0804	6992	0.5209	99.8141	6979	506	516	0.4986
contig-100_580	8.6214	6992	0.4123	96.1384	6722	196	203	0.4011
contig-100_581	17.1263	6989	0.6118	100.0000	6989	389	404	0.6072
contig-100_582	4.5397	6973	0.5722	95.5399	6662	105	105	0.5725
contig-100_583	14.0131	6970	0.6102	100.0000	6970	325	322	0.6122
contig-100_584	8.9498	6956	0.4340	97.5417	6785	202	210	0.4392
contig-100_585	7.5718	6954	0.5703	99.3241	6907	177	172	0.5479
contig-100_586	7.4166	6937	0.4449	97.0737	6734	183	158	0.4323
contig-100_587	4.4647	6931	0.5493	95.0512	6588	102	103	0.5296
contig-100_588	12.0342	6926	0.4295	99.8989	6919	280	272	0.4299
contig-100_589	15.0586	6891	0.4329	96.7204	6665	347	340	0.4343
contig-100_590	4.9300	6889	0.5938	99.7677	6873	112	113	0.5932
contig-100_591	8.2894	6887	0.4411	100.0000	6887	188	190	0.4414
contig-100_592	7.8686	6881	0.5589	100.0000	6881	185	174	0.5470
contig-100_593	26.5156	6866	0.4263	100.0000	6866	568	633	0.4269
contig-100_594	4.5964	6860	0.5261	99.1545	6802	106	103	0.5206
contig-100_595	4.2494	6856	0.5457	95.8868	6574	95	98	0.5297
contig-100_596	9.4867	6855	0.4855	99.3290	6809	211	220	0.4959
contig-100_597	4.0167	6836	0.5424	96.4745	6595	88	94	0.5364
contig-100_598	5.7278	6823	0.4661	98.2852	6706	131	128	0.4653
contig-100_599	25.1687	6823	0.4634	100.0000	6823	570	568	0.4606
contig-100_600	58.5552	6799	0.4270	99.0293	6733	1309	1327	0.3964
contig-100_601	6.7079	6793	0.3774	99.7056	6773	147	155	0.3768
contig-100_602	5.6216	6778	0.4237	86.5004	5863	122	130	0.4206
contig-100_603	3.8569	6770	0.4678	98.4638	6666	86	87	0.4485
contig-100_604	5.1799	6760	0.5391	98.1065	6632	116	116	0.5287
contig-100_605	13.6805	6752	0.6432	100.0000	6752	305	307	0.6389
contig-100_606	3.6917	6746	0.5998	95.7456	6459	82	83	0.6006
contig-100_607	22.9759	6735	0.4469	99.9852	6734	515	510	0.4330
contig-100_608	7.3090	6735	0.4919	96.1990	6479	168	158	0.5047
contig-100_609	4.3715	6734	0.5509	99.0496	6670	97	98	0.5542
contig-100_610	6.2338	6718	0.4455	94.2394	6331	138	139	0.4440
contig-100_611	7.0635	6711	0.5479	100.0000	6711	157	157	0.5421
contig-100_612	6.4437	6702	0.4976	99.3435	6658	142	144	0.4793
contig-100_613	5.0309	6698	0.4754	97.1185	6505	112	111	0.4732
contig-100_614	13.5480	6694	0.6049	100.0000	6694	299	302	0.5696
contig-100_615	17.7306	6689	0.5714	100.0000	6689	391	395	0.5188
contig-100_616	6.0478	6689	0.5159	99.4618	6653	134	134	0.4952
contig-100_617	4.8029	6662	0.5805	98.3789	6554	107	105	0.5693
contig-100_618	2.9017	6655	0.4975	88.9106	5917	64	64	0.4863
contig-100_619	9.3038	6645	0.4482	98.5252	6547	204	205	0.4477
contig-100_620	7.1140	6643	0.3947	99.8194	6631	157	156	0.3957
contig-100_621	15.5124	6635	0.4579	100.0000	6635	333	348	0.4539
contig-100_622	5.5304	6622	0.4163	98.2332	6505	121	121	0.4188
contig-100_623	5.8886	6615	0.5404	99.9395	6611	131	127	0.5302
contig-100_624	21.7058	6615	0.4528	99.1686	6560	464	487	0.4393
contig-100_625	13.8882	6609	0.6228	99.9092	6603	307	301	0.6157
contig-100_626	7.1628	6603	0.4333	99.4699	6568	155	158	0.4309
contig-100_627	14.5473	6580	0.4150	100.0000	6580	324	309	0.4107
contig-100_628	14.2408	6571	0.4289	98.2194	6454	309	310	0.3632
contig-100_629	3.3334	6568	0.4495	91.6565	6020	71	74	0.4492
contig-100_630	94.8695	6566	0.4405	100.0000	6566	2083	2044	0.4367
contig-100_631	17.0337	6558	0.4744	100.0000	6558	373	366	0.4634
contig-100_632	4.9051	6557	0.5397	98.9019	6485	105	108	0.5368
contig-100_633	18.3430	6546	0.4300	99.2667	6498	401	394	0.4114
contig-100_634	7.5368	6537	0.4034	94.5541	6181	167	159	0.3931
contig-100_635	7.8177	6537	0.4338	97.2006	6354	169	169	0.4228
contig-100_636	11.6688	6536	0.4053	99.4186	6498	255	250	0.3944
contig-100_637	23.7657	6535	0.4240	100.0000	6535	516	513	0.4113
contig-100_638	6.3779	6533	0.4203	92.3465	6033	139	137	0.4124
contig-100_639	4.6226	6531	0.5419	99.8009	6518	99	101	0.5324
contig-100_640	4.6968	6524	0.5625	98.2986	6413	102	101	0.5397
contig-100_641	8.8096	6518	0.4276	97.9902	6387	191	189	0.4167
contig-100_642	3.0339	6517	0.4338	88.8292	5789	67	64	0.4304
contig-100_643	35.9201	6497	0.4133	100.0000	6497	767	777	0.4120
contig-100_644	4.8963	6480	0.4491	96.0185	6222	102	108	0.4402
contig-100_645	6.4312	6479	0.5813	99.2900	6433	140	136	0.5859
contig-100_646	3.5951	6471	0.4305	95.7657	6197	75	79	0.4237
contig-100_647	16.1251	6468	0.3998	100.0000	6468	315	376	0.4300
contig-100_648	2.7761	6468	0.4927	94.8207	6133	60	59	0.4907
contig-100_649	12.9752	6464	0.6399	100.0000	6464	277	279	0.6106
contig-100_650	38.0470	6443	0.4293	98.9912	6378	1037	587	0.5814
contig-100_651	2.8333	6442	0.4621	92.6110	5966	61	60	0.4548
contig-100_652	25.6194	6435	0.4168	100.0000	6435	553	540	0.4035
contig-100_653	2.9097	6435	0.5100	91.3908	5881	61	63	0.4907
contig-100_654	31.2161	6417	0.4290	99.9221	6412	648	677	0.4277
contig-100_655	6.7345	6411	0.4430	98.9549	6344	143	143	0.4408
contig-100_656	75.5958	6401	0.4393	100.0000	6401	1602	1603	0.4350
contig-100_657	19.0117	6397	0.3830	98.5775	6306	394	411	0.3790
contig-100_658	13.8014	6395	0.5948	100.0000	6395	292	293	0.5870
contig-100_659	7.4379	6394	0.5543	99.7028	6375	153	162	0.5473
contig-100_660	3.1200	6385	0.4822	91.6993	5855	65	67	0.4851
contig-100_661	8.2364	6383	0.4377	98.1357	6264	170	178	0.4330
contig-100_662	8.5877	6382	0.4629	100.0000	6382	181	182	0.4461
contig-100_663	2.9664	6363	0.4377	92.0321	5856	63	62	0.4381
contig-100_664	7.0528	6362	0.4183	99.7485	6346	154	143	0.4195
contig-100_665	9.5606	6361	0.4043	99.9214	6356	198	205	0.4050
contig-100_666	8.3951	6355	0.4211	99.5909	6329	176	177	0.4152
contig-100_667	21.8639	6346	0.4285	100.0000	6346	458	460	0.4281
contig-100_668	3.9280	6343	0.5490	97.4775	6183	82	83	0.5434
contig-100_669	12.0851	6335	0.4336	100.0000	6335	256	251	0.4376
contig-100_670	7.4868	6333	0.4664	99.4473	6298	156	158	0.4680
contig-100_671	29.4727	6309	0.5874	100.0000	6309	601	632	0.5874
contig-100_672	5.0781	6302	0.5736	98.6036	6214	107	105	0.5683
contig-100_673	9.8449	6301	0.4423	99.4445	6266	177	233	0.4367
contig-100_674	14.0851	6301	0.4875	100.0000	6301	297	291	0.4784
contig-100_675	9.3219	6300	0.4122	100.0000	6300	201	188	0.4163
contig-100_676	5.3252	6292	0.4488	95.9631	6038	112	110	0.4372
contig-100_677	2.6183	6288	0.5259	83.5719	5255	56	53	0.5219
contig-100_678	14.2324	6287	0.6253	100.0000	6287	293	300	0.6167
contig-100_679	14.0821	6282	0.6129	100.0000	6282	298	288	0.6118
contig-100_680	7.3372	6278	0.4078	97.5788	6126	150	155	0.4008
contig-100_681	5.3894	6276	0.5247	99.3786	6237	112	112	0.5032
contig-100_682	25.0772	6270	0.5445	100.0000	6270	515	526	0.5356
contig-100_683	3.1313	6269	0.5730	91.9923	5767	64	66	0.5754
contig-100_684	9.4371	6269	0.5353	99.1705	6217	200	192	0.5324
contig-100_685	8.3655	6263	0.4432	99.0420	6203	177	170	0.4349
contig-100_686	10.2789	6261	0.5224	95.8154	5999	212	214	0.5546
contig-100_687	21.6805	6247	0.4442	97.5028	6091	326	572	0.5160
contig-100_688	5.5091	6246	0.5046	93.0355	5811	114	114	0.4890
contig-100_689	5.5203	6237	0.4400	98.1241	6120	115	113	0.4351
contig-100_690	9.9325	6235	0.4273	98.2358	6125	204	206	0.4363
contig-100_691	5.0382	6231	0.5293	99.9037	6225	104	104	0.5193
contig-100_692	4.4094	6228	0.3996	94.9261	5912	93	89	0.4120
contig-100_693	12.8489	6227	0.5963	100.0000	6227	267	263	0.5847
contig-100_694	4.1263	6221	0.4933	97.8299	6086	84	86	0.4933
contig-100_695	6.7942	6220	0.5529	100.0000	6220	141	139	0.5396
contig-100_696	4.5822	6220	0.4714	96.7042	6015	95	94	0.4708
contig-100_697	16.3783	6218	0.4148	100.0000	6218	328	345	0.4058
contig-100_698	5.6658	6214	0.4113	93.9813	5840	119	114	0.3988
contig-100_699	7.7306	6211	0.4568	100.0000	6211	159	159	0.4511
contig-100_700	4.6437	6208	0.5612	98.1314	6092	95	96	0.5609
contig-100_701	17.6868	6207	0.4401	100.0000	6207	358	371	0.4724
contig-100_702	19.5367	6206	0.4436	99.8228	6195	404	399	0.4405
contig-100_703	14.3631	6196	0.4508	100.0000	6196	294	295	0.4502
contig-100_704	4.0991	6188	0.4299	90.2877	5587	84	84	0.4110
contig-100_705	11.0066	6184	0.3755	96.0058	5937	223	228	0.3749
contig-100_706	8.6373	6171	0.4082	99.3032	6128	178	175	0.3947
contig-100_707	4.4542	6169	0.6004	99.5299	6140	90	92	0.6010
contig-100_708	92.0300	6164	0.4885	100.0000	6164	1885	1872	0.4764
contig-100_709	8.9196	6160	0.4383	99.7565	6145	185	179	0.4265
contig-100_710	5.8451	6147	0.4163	99.2842	6103	122	116	0.4105
contig-100_711	4.5958	6143	0.4351	96.8745	5951	94	93	0.4390
contig-100_712	7.4072	6135	0.5524	98.8427	6064	153	148	0.5518
contig-100_713	4.8273	6131	0.5167	99.2008	6082	98	98	0.5077
contig-100_714	3.5718	6130	0.4581	95.0408	5826	72	73	0.4560
contig-100_715	3.9648	6130	0.5604	97.5530	5980	80	81	0.5550
contig-100_716	14.0413	6129	0.4732	100.0000	6129	286	284	0.4722
contig-100_717	4.7295	6129	0.5441	99.0537	6071	95	97	0.5361
contig-100_718	13.3144	6126	0.4254	98.6941	6046	267	273	0.4221
contig-100_719	4.3356	6123	0.5781	98.5301	6033	90	86	0.5551
contig-100_720	25.4691	6084	0.4423	98.6686	6003	523	502	0.4406
contig-100_721	52.3243	6083	0.5295	100.0000	6083	1056	1053	0.5260
contig-100_722	1279.9837	6079	0.4382	100.0000	6079	25816	25706	0.4320
contig-100_723	6.6606	6078	0.4243	96.5120	5866	138	130	0.4210
contig-100_724	13.3500	6071	0.6636	100.0000	6071	268	269	0.6310
contig-100_725	7.0524	6063	0.4201	98.6970	5984	146	137	0.4294
contig-100_726	16.9137	6063	0.4720	100.0000	6063	342	337	0.4684
contig-100_727	4.4103	6059	0.5248	97.3758	5900	86	91	0.5242
contig-100_728	10.1543	6053	0.4509	99.9009	6047	203	204	0.4478
contig-100_729	15.6976	6048	0.4282	100.0000	6048	312	316	0.4271
contig-100_730	13.4076	6038	0.4485	97.4495	5884	272	264	0.4485
contig-100_731	18.8941	6035	0.3977	96.4043	5818	373	381	0.4003
contig-100_732	5.6979	6035	0.5311	99.7680	6021	113	115	0.5116
contig-100_733	5.4874	6034	0.4572	97.4975	5883	110	109	0.4578
contig-100_734	34.6359	6031	0.4401	95.3573	5751	696	686	0.4433
contig-100_735	12.4614	6023	0.4343	100.0000	6023	251	246	0.4356
contig-100_736	93.1428	6014	0.4360	100.0000	6014	1871	1836	0.4288
contig-100_737	3.3641	6012	0.5126	85.8782	5163	69	65	0.4805
contig-100_738	4.8244	6009	0.5522	98.3525	5910	95	97	0.5516
contig-100_739	12.8386	6009	0.6349	100.0000	6009	256	255	0.6319
contig-100_740	13.3047	6006	0.5476	100.0000	6006	262	267	0.5363
contig-100_741	2.5599	6006	0.5008	86.1805	5176	51	51	0.5112
contig-100_742	6.0627	5999	0.5603	99.6999	5981	120	121	0.5524
contig-100_743	38.0581	5972	0.4297	98.9116	5907	759	747	0.4237
contig-100_744	5.3326	5968	0.5380	99.7487	5953	105	106	0.5339
contig-100_745	19.0696	5961	0.3969	99.8658	5953	373	380	0.3843
contig-100_746	4.7417	5955	0.5280	98.8917	5889	92	95	0.5191
contig-100_747	6.3350	5955	0.4186	98.0185	5837	129	121	0.4068
contig-100_748	2.5749	5923	0.4925	84.9401	5031	50	51	0.4890
contig-100_749	12.7331	5916	0.4542	100.0000	5916	252	247	0.4548
contig-100_750	11.8421	5914	0.4264	99.4589	5882	232	231	0.4209
contig-100_751	6.7188	5910	0.4230	99.9492	5907	133	130	0.4299
contig-100_752	11.0589	5909	0.4370	98.4092	5815	223	210	0.4245
contig-100_753	3.1471	5901	0.4537	89.4933	5281	61	62	0.4580
contig-100_754	3.5308	5897	0.4363	90.5376	5339	66	72	0.4364
contig-100_755	6.5860	5891	0.4281	97.7763	5760	130	127	0.4266
contig-100_756	2.5658	5885	0.5149	90.7052	5338	49	51	0.4850
contig-100_757	2.2327	5884	0.4682	83.2597	4899	44	43	0.4540
contig-100_758	4.7784	5875	0.5707	99.4723	5844	92	94	0.5704
contig-100_759	5.6074	5868	0.5215	97.9721	5749	110	108	0.5203
contig-100_760	5.9973	5866	0.5517	98.9260	5803	116	117	0.5470
contig-100_761	5.6726	5856	0.4464	98.3948	5762	110	110	0.4257
contig-100_762	5.6477	5853	0.4041	99.5558	5827	110	109	0.4029
contig-100_763	21.0804	5849	0.4238	99.9658	5847	405	410	0.4083
contig-100_764	31.8091	5842	0.4312	100.0000	5842	616	611	0.4261
contig-100_765	21.2522	5840	0.4507	100.0000	5840	409	413	0.4299
contig-100_766	17.8453	5836	0.4405	99.8458	5827	343	346	0.4341
contig-100_767	4.6317	5835	0.5765	99.2631	5792	89	90	0.5802
contig-100_768	11.3014	5823	0.4563	100.0000	5823	219	217	0.4598
contig-100_769	6.1643	5819	0.4061	93.4181	5436	122	115	0.4036
contig-100_770	3.1912	5817	0.4681	91.1123	5300	61	62	0.4585
contig-100_771	10.6962	5817	0.4638	99.8797	5810	206	206	0.4589
contig-100_772	18.2356	5816	0.4328	100.0000	5816	350	352	0.4170
contig-100_773	20.2475	5814	0.4370	100.0000	5814	404	376	0.4534
contig-100_774	9.4355	5809	0.4193	95.7996	5565	181	182	0.4285
contig-100_775	4.3150	5809	0.5652	97.0046	5635	84	82	0.5293
contig-100_776	13.5653	5802	0.3781	100.0000	5802	266	255	0.3920
contig-100_777	5.2404	5795	0.4140	99.9655	5793	99	102	0.4152
contig-100_778	15.5250	5794	0.5803	99.9137	5789	303	293	0.5712
contig-100_779	4.1949	5792	0.4285	96.9441	5615	79	82	0.4278
contig-100_780	12.8882	5788	0.4381	98.4278	5697	248	245	0.4348
contig-100_781	5.6651	5784	0.5935	98.8243	5716	110	107	0.5935
contig-100_782	3.9948	5783	0.5456	99.1700	5735	80	73	0.5514
contig-100_783	4.7010	5779	0.3952	95.7086	5531	90	90	0.3899
contig-100_784	48.3406	5773	0.4131	100.0000	5773	920	928	0.3999
contig-100_785	6.4317	5772	0.5870	99.8441	5763	124	122	0.5881
contig-100_786	8.1644	5766	0.5291	99.8786	5759	155	157	0.5207
contig-100_787	13.7928	5766	0.5855	97.6413	5630	265	262	0.5907
contig-100_788	4.4271	5764	0.5409	96.2873	5550	85	84	0.5394
contig-100_789	4.1681	5764	0.4329	96.3046	5551	72	87	0.4230
contig-100_790	4.8206	5759	0.5522	97.6385	5623	93	91	0.5413
contig-100_791	21.1125	5752	0.4132	97.1314	5587	410	393	0.4147
contig-100_792	20.0863	5747	0.4844	100.0000	5747	381	384	0.4701
contig-100_793	5.4392	5745	0.5029	99.5822	5721	105	102	0.4826
contig-100_794	15.9059	5738	0.5751	100.0000	5738	301	304	0.5513
contig-100_795	7.3800	5729	0.4242	99.3891	5694	141	139	0.4151
contig-100_796	13.8331	5729	0.6378	100.0000	5729	264	261	0.6281
contig-100_797	3.8768	5723	0.5665	93.1330	5330	75	72	0.5731
contig-100_798	19.9675	5721	0.4148	100.0000	5721	382	375	0.4153
contig-100_799	13.0348	5717	0.4390	100.0000	5717	243	251	0.4308
contig-100_800	5.5212	5714	0.5147	96.3073	5503	104	105	0.5051
contig-100_801	4.6750	5714	0.4111	95.5023	5457	90	87	0.4021
contig-100_802	7.9247	5713	0.5689	100.0000	5713	152	148	0.5619
contig-100_803	23.6153	5709	0.4186	96.6719	5519	439	454	0.4010
contig-100_804	5.0815	5704	0.5160	97.8261	5580	96	96	0.5006
contig-100_805	52.3027	5702	0.4274	100.0000	5702	976	1000	0.4215
contig-100_806	17.2715	5701	0.4238	99.9649	5699	321	331	0.4234
contig-100_807	3.8667	5700	0.4581	92.9474	5298	74	72	0.4499
contig-100_808	88.1191	5693	0.4620	100.0000	5693	1664	1658	0.4609
contig-100_809	7.8801	5690	0.5439	99.8067	5679	146	151	0.5390
contig-100_810	3.8722	5689	0.4336	95.2364	5418	73	73	0.4305
contig-100_811	28.8148	5687	0.4294	99.4901	5658	484	600	0.4464
contig-100_812	49.7041	5687	0.4196	100.0000	5687	932	941	0.4116
contig-100_813	72.9977	5679	0.3208	100.0000	5679	1369	1377	0.3209
contig-100_814	7.3378	5678	0.4849	97.8514	5556	138	138	0.4799
contig-100_815	7.2774	5677	0.4516	99.8415	5668	135	138	0.4522
contig-100_816	2.9496	5674	0.4963	89.4607	5076	55	56	0.4824
contig-100_817	13.8639	5674	0.6214	98.7839	5605	260	261	0.6052
contig-100_818	7.6657	5671	0.4438	99.5592	5646	148	140	0.4426
contig-100_819	24.6109	5664	0.3729	97.5106	5523	460	463	0.3717
contig-100_820	16.5531	5663	0.5935	100.0000	5663	311	310	0.5842
contig-100_821	13.6294	5658	0.4166	98.1089	5551	260	251	0.4245
contig-100_822	13.3016	5653	0.4415	100.0000	5653	250	248	0.4308
contig-100_823	6.7404	5652	0.3923	95.3468	5389	126	126	0.3862
contig-100_824	3.5303	5646	0.5650	95.2887	5380	66	66	0.5679
contig-100_825	4.6756	5645	0.5662	99.7343	5630	86	89	0.5691
contig-100_826	14.3900	5643	0.6052	99.6987	5626	265	273	0.5582
contig-100_827	7.6054	5641	0.4120	98.1564	5537	148	136	0.4010
contig-100_828	5.1092	5641	0.4756	94.7527	5345	97	94	0.4625
contig-100_829	9.5735	5634	0.4191	99.6628	5615	177	180	0.4115
contig-100_830	37.8347	5621	0.4440	100.0000	5621	703	704	0.4398
contig-100_831	5.3494	5616	0.5018	99.7151	5600	99	100	0.4847
contig-100_832	2.8214	5616	0.4573	95.6553	5372	51	54	0.4443
contig-100_833	2.7692	5615	0.4812	84.3099	4734	51	52	0.4755
contig-100_834	16.6916	5613	0.6004	100.0000	5613	304	317	0.5872
contig-100_835	3.2810	5612	0.4765	86.8140	4872	61	61	0.4606
contig-100_836	11.6807	5610	0.6435	98.8414	5545	217	217	0.6457
contig-100_837	18.0009	5608	0.4585	100.0000	5608	332	336	0.4470
contig-100_838	3.7961	5605	0.4746	86.7083	4860	70	71	0.4462
contig-100_839	7.5994	5604	0.4743	99.3041	5565	143	139	0.4658
contig-100_840	3.2898	5604	0.4010	89.7752	5031	60	62	0.3874
contig-100_841	13.4661	5600	0.6145	100.0000	5600	250	250	0.6042
contig-100_842	12.3536	5597	0.6286	100.0000	5597	229	229	0.6256
contig-100_843	13.7432	5589	0.6275	100.0000	5589	262	247	0.6083
contig-100_844	4.4256	5587	0.5615	95.6864	5346	81	83	0.5564
contig-100_845	5.7809	5587	0.5436	97.7806	5463	109	105	0.5431
contig-100_846	14.9796	5584	0.6107	99.9821	5583	284	270	0.5853
contig-100_847	5.3598	5584	0.4174	95.9169	5356	98	100	0.4159
contig-100_848	12.3124	5577	0.4639	100.0000	5577	228	227	0.4570
contig-100_849	2.8184	5568	0.4179	91.6128	5101	52	52	0.4246
contig-100_850	3.7494	5567	0.4726	90.2102	5022	71	67	0.4847
contig-100_851	12.6043	5560	0.4034	100.0000	5560	235	229	0.3970
contig-100_852	9.5876	5558	0.4388	100.0000	5558	180	173	0.4354
contig-100_853	4.1004	5558	0.4228	94.8543	5272	76	75	0.4144
contig-100_854	12.2233	5553	0.4524	100.0000	5553	224	225	0.4490
contig-100_855	4.7366	5546	0.5817	98.9362	5487	86	88	0.5812
contig-100_856	5.2495	5543	0.4133	98.0696	5436	97	96	0.4025
contig-100_857	13.4799	5543	0.6305	100.0000	5543	247	248	0.6268
contig-100_858	2.2627	5539	0.5181	83.3905	4619	41	42	0.5160
contig-100_859	1.9626	5535	0.3978	84.5167	4678	37	35	0.4004
contig-100_860	11.8763	5530	0.6297	99.7107	5514	213	222	0.6296
contig-100_861	3.0269	5529	0.5050	89.2747	4936	56	55	0.4803
contig-100_862	5.8552	5517	0.4192	97.2268	5364	109	105	0.4192
contig-100_863	25.4282	5502	0.4053	98.6187	5426	471	456	0.3940
contig-100_864	8.3094	5501	0.4861	99.7455	5487	151	152	0.4504
contig-100_865	3.1027	5500	0.4182	91.9636	5058	54	59	0.4198
contig-100_866	8.1856	5497	0.4255	99.0540	5445	149	149	0.4204
contig-100_867	5.1943	5492	0.4026	99.8179	5482	93	96	0.3853
contig-100_868	9.2661	5490	0.4071	99.2168	5447	168	169	0.3995
contig-100_869	10.7488	5490	0.4301	99.9818	5489	195	196	0.4161
contig-100_870	4.2408	5486	0.4563	98.6693	5413	76	78	0.4543
contig-100_871	13.0201	5483	0.6064	100.0000	5483	237	236	0.6066
contig-100_872	4.4880	5482	0.5474	97.4644	5343	82	81	0.5397
contig-100_873	5.6465	5480	0.4064	98.7226	5410	105	100	0.3973
contig-100_874	2.6428	5478	0.4890	86.9113	4761	48	48	0.4715
contig-100_875	44.9493	5478	0.4012	100.0000	5478	757	874	0.4045
contig-100_876	4.1400	5470	0.4026	94.1865	5152	72	78	0.4085
contig-100_877	3.5900	5468	0.4457	94.7879	5183	65	65	0.4524
contig-100_878	6.4217	5468	0.4338	99.7074	5452	116	116	0.4275
contig-100_879	150.5381	5467	0.4624	100.0000	5467	2721	2730	0.4568
contig-100_880	6.7463	5459	0.4715	99.7069	5443	121	123	0.4535
contig-100_881	18.5300	5458	0.6462	100.0000	5458	337	333	0.6384
contig-100_882	9.2680	5448	0.4411	100.0000	5448	174	160	0.4122
contig-100_883	11.7159	5448	0.6070	99.9082	5443	208	215	0.6011
contig-100_884	2.5479	5435	0.4837	88.5925	4815	47	45	0.4631
contig-100_885	4.3627	5434	0.5720	96.5219	5245	79	78	0.5582
contig-100_886	4.0921	5429	0.3944	96.0029	5212	72	75	0.3873
contig-100_887	12.7033	5429	0.5937	100.0000	5429	231	226	0.5893
contig-100_888	13.6664	5425	0.6240	100.0000	5425	246	245	0.6260
contig-100_889	2.3663	5424	0.5170	81.5265	4422	43	42	0.4958
contig-100_890	6.2693	5422	0.4616	98.4139	5336	109	116	0.4472
contig-100_891	3.5662	5413	0.4122	93.7373	5074	64	64	0.4046
contig-100_892	8.1397	5410	0.4567	94.5102	5113	143	150	0.4361
contig-100_893	10.1548	5408	0.3872	97.3188	5263	179	185	0.3758
contig-100_894	12.4829	5407	0.4293	99.8520	5399	226	221	0.4213
contig-100_895	6.7589	5405	0.4572	99.7040	5389	123	119	0.4536
contig-100_896	8.2386	5403	0.4348	99.3337	5367	151	144	0.4306
contig-100_897	94.7634	5402	0.4354	100.0000	5402	1700	1690	0.4302
contig-100_898	24.0969	5389	0.4691	100.0000	5389	432	428	0.4519
contig-100_899	9.7200	5386	0.4473	99.9443	5383	175	172	0.4472
contig-100_900	11.9760	5383	0.4384	99.9814	5382	212	215	0.4342
contig-100_901	2.7762	5381	0.4811	94.8151	5102	48	51	0.4703
contig-100_902	3.5077	5381	0.4053	91.8974	4945	62	63	0.4011
contig-100_903	4.1819	5377	0.5581	95.4993	5135	74	75	0.5555
contig-100_904	4.5817	5372	0.5383	96.5562	5187	83	80	0.5333
contig-100_905	10.4876	5371	0.4236	100.0000	5371	177	196	0.4069
contig-100_906	37.1497	5364	0.4023	98.1730	5266	651	668	0.3948
contig-100_907	8.8094	5363	0.4716	98.5269	5284	158	155	0.4696
contig-100_908	3.3837	5348	0.4733	94.8018	5070	61	59	0.4704
contig-100_909	6.6129	5348	0.4108	98.8781	5288	118	116	0.4096
contig-100_910	12.5622	5347	0.6542	100.0000	5347	224	221	0.6463
contig-100_911	17.7175	5345	0.4189	100.0000	5345	311	316	0.4073
contig-100_912	4.5745	5344	0.5556	99.1018	5296	79	83	0.5506
contig-100_913	7.1820	5342	0.4472	99.2887	5304	126	128	0.4376
contig-100_914	11.8677	5342	0.4002	99.9251	5338	211	209	0.3897
contig-100_915	5.0315	5335	0.5704	100.0000	5335	90	88	0.5651
contig-100_916	5.6500	5332	0.4160	97.8245	5216	100	100	0.4041
contig-100_917	14.6400	5330	0.6298	100.0000	5330	257	260	0.6089
contig-100_918	11.2284	5328	0.4373	97.3911	5189	199	197	0.4247
contig-100_919	11.9307	5327	0.6705	100.0000	5327	212	209	0.6740
contig-100_920	10.9964	5325	0.4171	100.0000	5325	189	199	0.4017
contig-100_921	40.5600	5320	0.4748	100.0000	5320	715	714	0.4530
contig-100_922	6.7263	5319	0.4258	97.7251	5198	121	116	0.4156
contig-100_923	4.5688	5316	0.5758	99.0783	5267	81	80	0.5730
contig-100_924	33.1009	5311	0.4758	100.0000	5311	586	579	0.4530
contig-100_925	11.2518	5305	0.5029	100.0000	5305	195	201	0.4892
contig-100_926	12.8595	5304	0.6107	100.0000	5304	230	222	0.5972
contig-100_927	4.9760	5302	0.5368	100.0000	5302	86	89	0.5353
contig-100_928	32.6081	5300	0.6187	100.0000	5300	587	570	0.4484
contig-100_929	14.4282	5290	0.6461	100.0000	5290	252	254	0.6367
contig-100_930	4.4810	5289	0.5837	99.0925	5241	78	79	0.5761
contig-100_931	4.2005	5281	0.5276	94.2814	4979	73	74	0.5153
contig-100_932	6.6490	5270	0.5461	98.0266	5166	113	119	0.5426
contig-100_933	4.1196	5269	0.3959	96.6787	5094	77	67	0.3826
contig-100_934	16.1097	5269	0.4498	99.1270	5223	280	282	0.4404
contig-100_935	5.3938	5261	0.4965	99.1066	5214	94	94	0.4857
contig-100_936	16.3570	5258	0.6037	100.0000	5258	281	289	0.5827
contig-100_937	2.5242	5256	0.4755	74.4863	3915	42	46	0.4521
contig-100_938	15.3629	5255	0.6089	100.0000	5255	269	266	0.6056
contig-100_939	9.2249	5252	0.4610	99.2955	5215	156	165	0.4507
contig-100_940	2.8751	5252	0.4770	88.3092	4638	50	50	0.4889
contig-100_941	2.6461	5250	0.5133	95.6952	5024	46	46	0.5140
contig-100_942	14.8430	5249	0.6112	99.6952	5233	261	255	0.5963
contig-100_943	10.1882	5245	0.4320	100.0000	5245	178	176	0.4260
contig-100_944	22.1566	5244	0.4493	100.0000	5244	385	385	0.4219
contig-100_945	7.2241	5243	0.4211	99.3897	5211	126	125	0.4018
contig-100_946	8.0496	5237	0.4186	99.8281	5228	141	138	0.4095
contig-100_947	4.7819	5236	0.5422	95.7983	5016	87	79	0.5191
contig-100_948	14.5922	5236	0.6658	99.9045	5231	257	249	0.6654
contig-100_949	8.0761	5229	0.4056	97.1696	5081	147	133	0.3823
contig-100_950	11.4348	5225	0.6507	100.0000	5225	201	195	0.6380
contig-100_951	3.8177	5221	0.5991	96.9163	5060	68	64	0.5956
contig-100_952	15.8711	5221	0.5564	100.0000	5221	273	276	0.5395
contig-100_953	6.7994	5220	0.5178	96.3027	5027	117	118	0.5172
contig-100_954	3.0021	5220	0.5017	93.4100	4876	51	53	0.4943
contig-100_955	3.9893	5218	0.5146	98.4668	5138	72	66	0.5077
contig-100_956	5.4401	5213	0.5166	100.0000	5213	94	94	0.5132
contig-100_957	4.1115	5211	0.5396	95.9317	4999	70	72	0.5318
contig-100_958	3.7982	5207	0.4836	97.2729	5065	66	65	0.4789
contig-100_959	22.5250	5202	0.4196	99.9616	5200	391	385	0.4271
contig-100_960	7.0302	5199	0.4197	97.3072	5059	122	120	0.4068
contig-100_961	5.9043	5196	0.4348	98.0177	5093	102	101	0.4216
contig-100_962	38.0564	5195	0.4295	97.3244	5056	666	645	0.4333
contig-100_963	12.6425	5194	0.6034	99.6342	5175	214	221	0.5970
contig-100_964	7.7784	5194	0.4039	95.2253	4946	131	134	0.3989
contig-100_965	22.3220	5192	0.4942	100.0000	5192	376	394	0.5278
contig-100_966	14.7203	5188	0.6463	100.0000	5188	254	252	0.6371
contig-100_967	2.4778	5180	0.5137	86.3900	4475	43	42	0.5050
contig-100_968	5.8845	5179	0.4812	91.4269	4735	103	99	0.4455
contig-100_969	6.1567	5175	0.5608	99.4783	5148	102	109	0.5554
contig-100_970	5.9000	5172	0.4345	97.6605	5051	105	97	0.4219
contig-100_971	14.1838	5170	0.6236	100.0000	5170	247	239	0.6199
contig-100_972	18.1370	5169	0.5904	100.0000	5169	329	294	0.5280
contig-100_973	8.0966	5167	0.4924	99.7484	5154	138	139	0.4680
contig-100_974	3.8050	5165	0.4105	91.9071	4747	67	63	0.3902
contig-100_975	17.3438	5163	0.4416	100.0000	5163	296	297	0.4415
contig-100_976	12.8657	5161	0.3877	99.3412	5127	219	221	0.3789
contig-100_977	6.0593	5157	0.4962	99.3601	5124	103	104	0.4878
contig-100_978	10.4123	5147	0.4303	97.7851	5033	178	177	0.4287
contig-100_979	3.2569	5146	0.5051	87.4466	4500	56	55	0.4651
contig-100_980	2.3729	5146	0.4777	88.7874	4569	40	41	0.4691
contig-100_981	12.2599	5145	0.6818	100.0000	5145	206	212	0.6846
contig-100_982	32.0119	5145	0.4385	100.0000	5145	555	536	0.4341
contig-100_983	9.4925	5141	0.4482	99.6304	5122	157	166	0.4561
contig-100_984	35.1868	5139	0.4236	97.8011	5026	609	589	0.4096
contig-100_985	6.4381	5136	0.4609	99.1822	5094	110	109	0.4475
contig-100_986	23.8579	5131	0.4091	100.0000	5131	402	409	0.3898
contig-100_987	7.4921	5121	0.4284	99.5899	5100	127	127	0.4207
contig-100_988	3.1835	5118	0.4537	91.3443	4675	54	54	0.4509
contig-100_989	2.3277	5117	0.5069	86.7110	4437	39	40	0.5111
contig-100_990	15.1284	5115	0.6106	100.0000	5115	260	253	0.6076
contig-100_991	4.1354	5112	0.5644	96.0094	4908	68	72	0.5702
contig-100_992	15.0067	5111	0.4655	100.0000	5111	251	257	0.4661
contig-100_993	5.0528	5109	0.5071	98.1210	5013	85	86	0.4999
contig-100_994	6.2692	5108	0.4464	99.1582	5065	105	107	0.4391
contig-100_995	7.5109	5107	0.5553	94.9089	4847	125	129	0.5666
contig-100_996	19.3790	5106	0.4046	92.9299	4745	327	328	0.3811
contig-100_997	5.5333	5104	0.4442	97.3550	4969	95	92	0.4450
contig-100_998	8.3168	5101	0.4166	97.9220	4995	140	141	0.4056
